Acura,CDX
Acura,CL
Acura,EL
Acura,ILX
Acura,Integra
Acura,MDX
Acura,NSX
Acura,RDX
Acura,RL
Acura,RLX
Acura,RSX
Acura,TL
Acura,TLX
Acura,TLX-L
Acura,TSX
Acura,ZDX
Alfa Romeo,146
Alfa Romeo,147
Alfa Romeo,147 GTA
Alfa Romeo,156
Alfa Romeo,156 GTA
Alfa Romeo,159
Alfa Romeo,166
Alfa Romeo,4C
Alfa Romeo,8C Competizione
Alfa Romeo,Brera
Alfa Romeo,Giulia
Alfa Romeo,Giulietta
Alfa Romeo,GT
Alfa Romeo,GTV
Alfa Romeo,MiTo
Alfa Romeo,Spider
Alfa Romeo,Stelvio
Alfa Romeo,Tonale
Aston Martin,Cygnet
Aston Martin,DB11
Aston Martin,DB9
Aston Martin,DBS
Aston Martin,DBS Superleggera
Aston Martin,DBS Violante
Aston Martin,DBX
Aston Martin,Rapide
Aston Martin,V12 Vanquish
Aston Martin,V12 Vantage
Aston Martin,V8 Vantage
Aston Martin,Valkyrie
Aston Martin,Vanquish
Aston Martin,Vantage
Aston Martin,Virage
Aston Martin,Zagato Coupe
Audi,A1
Audi,A2
Audi,A3
Audi,A4
Audi,A4 Allroad Quattro
Audi,A5
Audi,A6
Audi,A7
Audi,A8
Audi,Allroad
Audi,e-tron
Audi,e-tron GT
Audi,e-tron Sportback
Audi,Q2
Audi,Q3
Audi,Q3 Sportback
Audi,Q4
Audi,Q4 Sportback
Audi,Q5
Audi,Q5 Sportback
Audi,Q7
Audi,Q8
Audi,R8
Audi,RS e-tron GT
Audi,RS Q3
Audi,RS Q3 Sportback
Audi,RS Q7
Audi,RS Q8
Audi,RS3
Audi,RS4
Audi,RS5
Audi,RS6
Audi,RS7
Audi,S1
Audi,S3
Audi,S4
Audi,S5
Audi,S6
Audi,S7
Audi,S8
Audi,SQ2
Audi,SQ5
Audi,SQ5 Sportback
Audi,SQ7
Audi,SQ8
Audi,TT
Audi,TT RS
Audi,TTS
Bentley,Arnage
Bentley,Azure
Bentley,Bentayga
Bentley,Brooklands
Bentley,Continental
Bentley,Continental Flying Spur
Bentley,Continental GT
Bentley,Flying Spur
Bentley,Mulsanne
BMW,1 series
BMW,2 series
BMW,3 series
BMW,4 series
BMW,5 series
BMW,6 series
BMW,7 series
BMW,8 series
BMW,i3
BMW,i4
BMW,i8
BMW,iX
BMW,iX3
BMW,M2
BMW,M3
BMW,M4
BMW,M5
BMW,M6
BMW,M8
BMW,X1
BMW,X2
BMW,X3
BMW,X3 M
BMW,X4
BMW,X4 M
BMW,X5
BMW,X5 M
BMW,X6
BMW,X6 M
BMW,X7
BMW,Z3
BMW,Z4
BMW,Z8
Brilliance,H230
Brilliance,V3
Brilliance,V5
Bugatti,Chiron
Bugatti,Divo
Bugatti,Veyron
Buick,Century
Buick,Enclave
Buick,Encore
Buick,Envision
Buick,GL8 ES
Buick,La Crosse
Buick,LaCrosse
Buick,Le Sabre
Buick,Lucerne
Buick,Park Avenue
Buick,Rainier
Buick,Regal
Buick,Rendezvouz
Buick,Terraza
Buick,Verano
BYD,Qin
Cadillac,ATS
Cadillac,ATS-V
Cadillac,BLS
Cadillac,CT4
Cadillac,CT4-V
Cadillac,CT5
Cadillac,CT5-V
Cadillac,CT6
Cadillac,CTS
Cadillac,De Ville
Cadillac,DTS
Cadillac,Eldorado
Cadillac,ELR
Cadillac,Escalade
Cadillac,Seville
Cadillac,SRX
Cadillac,STS
Cadillac,XLR
Cadillac,XT4
Cadillac,XT5
Cadillac,XT6
Cadillac,XTS
Changan,CS35
Changan,CS35 Plus
Changan,CS55
Changan,CS55 Plus
Changan,CS75
Changan,CS75 Plus
Changan,CS95
Changan,Eado
Changan,Raeton
Changan,Raeton CC
Changan,Uni-K
Changan,Uni-T
Changan,Uni-V
Chery,Amulet
Chery,Arrizo 5 Plus
Chery,Arrizo 6
Chery,Arrizo 6 Pro
Chery,Arrizo 7
Chery,Arrizo 8
Chery,Bonus
Chery,Bonus 3
Chery,CrossEastar
Chery,Eastar
Chery,eQ
Chery,eQ1
Chery,eQ5
Chery,Fora
Chery,IndiS
Chery,Kimo
Chery,M11
Chery,Omoda 5
Chery,QQ
Chery,QQ3
Chery,QQ6
Chery,Tiggo
Chery,Tiggo 3
Chery,Tiggo 4
Chery,Tiggo 4 Pro
Chery,Tiggo 5
Chery,Tiggo 7
Chery,Tiggo 7 Pro
Chery,Tiggo 8
Chery,Tiggo 8 Plus
Chery,Tiggo 8 Pro
Chery,Tiggo 8 Pro Max
Chery,Tiggo e
Chery,Very
Chevrolet,Astro
Chevrolet,Avalanche
Chevrolet,Aveo
Chevrolet,Beat
Chevrolet,Blazer
Chevrolet,Bolt
Chevrolet,Bolt EUV
Chevrolet,Camaro
Chevrolet,Captiva
Chevrolet,Cavalier
Chevrolet,Cobalt
Chevrolet,Colorado
Chevrolet,Corvette
Chevrolet,Cruze
Chevrolet,Epica
Chevrolet,Equinox
Chevrolet,Express
Chevrolet,HHR
Chevrolet,Impala
Chevrolet,Lacetti
Chevrolet,Lanos
Chevrolet,Malibu
Chevrolet,Monte Carlo
Chevrolet,Niva
Chevrolet,Orlando
Chevrolet,Rezzo
Chevrolet,Silverado
Chevrolet,Silverado 1500
Chevrolet,Silverado 2500 HD
Chevrolet,Spark
Chevrolet,SSR
Chevrolet,Suburban
Chevrolet,Tahoe
Chevrolet,TrailBlazer
Chevrolet,Traverse
Chevrolet,Trax
Chevrolet,Uplander
Chevrolet,Venture
Chrysler,200
Chrysler,300
Chrysler,300M
Chrysler,Aspen
Chrysler,Concorde
Chrysler,Crossfire
Chrysler,Grand Caravan
Chrysler,Grand Voyager
Chrysler,Pacifica
Chrysler,PT Cruiser
Chrysler,Sebring
Chrysler,Town & Country
Chrysler,Voyager
Citroen,Berlingo
Citroen,C-Crosser
Citroen,C-Elysee
Citroen,C1
Citroen,C2
Citroen,C3
Citroen,C3 Aircross
Citroen,C3 Picasso
Citroen,C3 Pluriel
Citroen,C4
Citroen,C4 Aircross
Citroen,C4 Cactus
Citroen,C4 Picasso
Citroen,C4 SpaceTourer
Citroen,C5
Citroen,C5 Aircross
Citroen,C6
Citroen,C8
Citroen,DS 7 Crossback
Citroen,DS3
Citroen,DS4
Citroen,DS5
Citroen,Grand C4 Picasso
Citroen,Grand C4 SpaceTourer
Citroen,Jumper
Citroen,Jumpy
Citroen,Nemo
Citroen,Saxo
Citroen,Spacetourer
Citroen,Xsara
Citroen,Xsara Picasso
Dacia,Dokker
Dacia,Lodgy
Dacia,Solenza
Dacia,Spring
Dacia,SupeRNova
Daewoo,Evanda
Daewoo,Kalos
Daewoo,Leganza
Daewoo,Magnus
Daewoo,Matiz
Daewoo,Nexia
Daewoo,Nubira
Daihatsu,Applause
Daihatsu,Cast
Daihatsu,Copen
Daihatsu,Cuore
Daihatsu,Gran Move
Daihatsu,Luxio
Daihatsu,Materia
Daihatsu,Mebius
Daihatsu,Move
Daihatsu,Rocky
Daihatsu,Sirion
Daihatsu,Terios
Daihatsu,Trevis
Daihatsu,YRV
Datsun,mi-DO
Datsun,on-DO
Dodge,Avenger
Dodge,Caliber
Dodge,Caliber SRT4
Dodge,Caravan
Dodge,Challenger
Dodge,Charger
Dodge,Dakota
Dodge,Dart
Dodge,Durango
Dodge,Intrepid
Dodge,Journey
Dodge,Magnum
Dodge,Neon
Dodge,Nitro
Dodge,Ram 1500
Dodge,Ram 2500
Dodge,Ram 3500
Dodge,Ram SRT10
Dodge,Stratus
Dodge,Viper
Dongfeng,580
Dongfeng,A30
Dongfeng,AX7
Dongfeng,H30 Cross
Exeed,TXL
Exeed,VX
FAW,Bestune T77
FAW,Besturn B30
FAW,Besturn B50
FAW,Besturn B70
FAW,Besturn X40
FAW,Besturn X80
FAW,Oley
FAW,Vita
Ferrari,296
Ferrari,348
Ferrari,360
Ferrari,456
Ferrari,458
Ferrari,488
Ferrari,512
Ferrari,550
Ferrari,575 M
Ferrari,599 GTB Fiorano
Ferrari,599 GTO
Ferrari,612
Ferrari,812
Ferrari,California
Ferrari,California T
Ferrari,Challenge Stradale
Ferrari,Enzo
Ferrari,F12
Ferrari,F355
Ferrari,F430
Ferrari,F50
Ferrari,F512 M
Ferrari,F8 Spider
Ferrari,F8 Tributo
Ferrari,FF
Ferrari,GTC4 Lusso
Ferrari,LaFerrari
Ferrari,Portofino
Ferrari,Portofino M
Ferrari,Roma
Ferrari,SF90 Spider
Ferrari,SF90 Stradale
Fiat,124 Spider
Fiat,500
Fiat,500L
Fiat,500X
Fiat,Albea
Fiat,Brava
Fiat,Bravo
Fiat,Coupe
Fiat,Croma
Fiat,Doblo
Fiat,Ducato
Fiat,Freemont
Fiat,Grande Punto
Fiat,Idea
Fiat,Linea
Fiat,Marea
Fiat,Multipla
Fiat,Palio
Fiat,Panda
Fiat,Panda 4x4
Fiat,Punto
Fiat,Qubo
Fiat,Sedici
Fiat,Siena
Fiat,Stilo
Fiat,Strada
Fiat,Tipo
Fiat,Ulysse
Fisker,Karma
Ford,B-Max
Ford,Bronco
Ford,Bronco Sport
Ford,C-Max
Ford,Cougar
Ford,Crown Victoria
Ford,EcoSport
Ford,Edge
Ford,Endura
Ford,Equator
Ford,Escape
Ford,Excursion
Ford,Expedition
Ford,Explorer
Ford,Explorer Sport Trac
Ford,F-150
Ford,F-250
Ford,F-350
Ford,Falcon
Ford,Fiesta
Ford,Five Hundred
Ford,Flex
Ford,Focus
Ford,Focus Active
Ford,Focus Electric
Ford,Freestar
Ford,Freestyle
Ford,Fusion
Ford,Galaxy
Ford,Ka
Ford,Kuga
Ford,Maverick
Ford,Mondeo
Ford,Mustang
Ford,Mustang Mach-E
Ford,Mustang Shelby GT350
Ford,Mustang Shelby GT500
Ford,Puma
Ford,Ranger
Ford,S-Max
Ford,Taurus
Ford,Taurus X
Ford,Thunderbird
Ford,Tourneo Connect
Ford,Transit
Ford,Transit Connect
Foton,Sauvana
GAC,GS5
GAC,Trumpchi GM8
GAC,Trumpchi GS8
GAZ,3102
GAZ,31105
GAZ,Gazelle
GAZ,Gazelle Business
GAZ,Gazelle Next
GAZ,Gazelle NN
GAZ,Gazelle Sity
GAZ,Siber
GAZ,Sobol
Geely,Atlas
Geely,Atlas Pro
Geely,Azkarra
Geely,Coolray
Geely,Emgrand 7
Geely,Emgrand EC7
Geely,Emgrand GS
Geely,Emgrand X7
Geely,GC9
Geely,GС6
Geely,MK
Geely,Monjaro
Geely,Otaka
Geely,Preface
Geely,Tugella
Geely,Vision
Genesis,G70
Genesis,G80
Genesis,G90
Genesis,GV60
Genesis,GV70
Genesis,GV80
GMC,Acadia
GMC,Canyon
GMC,Envoy
GMC,Sierra 1500
GMC,Sierra 2500
GMC,Sierra 3500
GMC,Terrain
GMC,Yukon
Great Wall,Cowry
Great Wall,Deer
Great Wall,Hover
Great Wall,Hover M2
Great Wall,Pegasus
Great Wall,Peri
Great Wall,Poer
Great Wall,Safe
Great Wall,Sailor
Great Wall,Sing
Great Wall,Socool
Great Wall,Wingle
Great Wall,Wingle 7
Haval,Dargo
Haval,F7
Haval,F7x
Haval,H4
Haval,H6
Haval,H9
Haval,Jolion
Holden,Commodore
Holden,Corvette C8
Honda,Accord
Honda,Amaze
Honda,City
Honda,Civic
Honda,Civic Type R
Honda,CR-V
Honda,CR-Z
Honda,Crosstour
Honda,e
Honda,Element
Honda,Fit
Honda,FR-V
Honda,HR-V
Honda,Insight
Honda,Jade
Honda,Jazz
Honda,Legend
Honda,Odyssey
Honda,Passport
Honda,Pilot
Honda,Prelude
Honda,Ridgeline
Honda,S2000
Honda,Shuttle
Honda,Stepwgn
Honda,Stream
Honda,Vezel
Hummer,H1
Hummer,H2
Hummer,H3
Hyundai,Accent
Hyundai,Atos Prime
Hyundai,Azera
Hyundai,Bayon
Hyundai,Centennial
Hyundai,Creta
Hyundai,Creta Grand
Hyundai,Elantra
Hyundai,Entourage
Hyundai,Eon
Hyundai,Equus
Hyundai,Galloper
Hyundai,Genesis
Hyundai,Genesis Coupe
Hyundai,Getz
Hyundai,Grandeur
Hyundai,H-1
Hyundai,i10
Hyundai,i20
Hyundai,i20 N
Hyundai,i30
Hyundai,i30 N
Hyundai,i40
Hyundai,Ioniq
Hyundai,Ioniq 5
Hyundai,ix20
Hyundai,ix35
Hyundai,Kona
Hyundai,Kona N
Hyundai,Kusto
Hyundai,Matrix
Hyundai,Mistra
Hyundai,Nexo
Hyundai,Palisade
Hyundai,Porter
Hyundai,Santa Cruz
Hyundai,Santa Fe
Hyundai,Solaris
Hyundai,Sonata
Hyundai,Staria
Hyundai,Terracan
Hyundai,Trajet
Hyundai,Tucson
Hyundai,Veloster
Hyundai,Venue
Hyundai,Veracruz
Hyundai,Verna
Hyundai,Xcent
Hyundai,XG
Infiniti,EX
Infiniti,FX
Infiniti,G
Infiniti,I35
Infiniti,JX
Infiniti,M
Infiniti,Q30
Infiniti,Q40
Infiniti,Q45
Infiniti,Q50
Infiniti,Q60
Infiniti,Q70
Infiniti,QX30
Infiniti,QX4
Infiniti,QX50
Infiniti,QX55
Infiniti,QX56
Infiniti,QX60
Infiniti,QX70
Infiniti,QX80
Isuzu,Ascender
Isuzu,Axiom
Isuzu,D-Max
Isuzu,D-Max Rodeo
Isuzu,I280
Isuzu,I290
Isuzu,I350
Isuzu,I370
Isuzu,mu-X
Isuzu,Rodeo
Isuzu,Trooper
Isuzu,VehiCross
Iveco,Daily
Jac,iEV7S
Jac,T6
Jaguar,E-Pace
Jaguar,F-Pace
Jaguar,F-Type
Jaguar,I-Pace
Jaguar,S-Type
Jaguar,X-Type
Jaguar,XE
Jaguar,XF
Jaguar,XJ
Jaguar,XK/XKR
Jeep,Cherokee
Jeep,Commander
Jeep,Compass
Jeep,Gladiator
Jeep,Grand Cherokee
Jeep,Grand Wagoneer
Jeep,Liberty
Jeep,Meridian
Jeep,Patriot
Jeep,Renegade
Jeep,Wagoneer
Jeep,Wrangler
Kia,Carens
Kia,Carnival
Kia,Ceed
Kia,Cerato
Kia,Clarus
Kia,EV6
Kia,Forte
Kia,K5
Kia,K8
Kia,K900
Kia,Magentis
Kia,Mohave
Kia,Niro
Kia,Opirus
Kia,Optima
Kia,Picanto
Kia,ProCeed
Kia,Quoris
Kia,Ray
Kia,Rio
Kia,Rio X
Kia,Rio X-Line
Kia,Seltos
Kia,Shuma
Kia,Sonet
Kia,Sorento
Kia,Sorento Prime
Kia,Soul
Kia,Spectra
Kia,Sportage
Kia,Stinger
Kia,Stonic
Kia,Telluride
Kia,Venga
Lamborghini,Aventador
Lamborghini,Centenario
Lamborghini,Diablo
Lamborghini,Gallardo
Lamborghini,Huracan
Lamborghini,Murcielago
Lamborghini,Reventon
Lamborghini,Sian
Lamborghini,Urus
Lancia,Delta
Lancia,Lybra
Lancia,Musa
Lancia,Phedra
Lancia,Thema
Lancia,Thesis
Lancia,Ypsilon
Land Rover,Defender
Land Rover,Discovery
Land Rover,Discovery Sport
Land Rover,Evoque
Land Rover,Freelander
Land Rover,Range Rover
Land Rover,Range Rover Sport
Land Rover,Range Rover Velar
Lexus,CT
Lexus,ES
Lexus,GS
Lexus,GX
Lexus,HS
Lexus,IS
Lexus,LC
Lexus,LFA
Lexus,LM
Lexus,LS
Lexus,LX
Lexus,NX
Lexus,RC
Lexus,RC F
Lexus,RX
Lexus,SC
Lexus,UX
Lifan,Breez
Lifan,Cebrium
Lifan,Celliya
Lifan,Murman
Lifan,Myway
Lifan,Smily
Lifan,Solano
Lifan,X50
Lifan,X60
Lifan,X70
Lifan,X80
Lincoln,Aviator
Lincoln,Corsair
Lincoln,Mark LT
Lincoln,MKC
Lincoln,MKS
Lincoln,MKT
Lincoln,MKX
Lincoln,MKZ
Lincoln,Nautilus
Lincoln,Navigator
Lincoln,Town Car
Lincoln,Zephyr
Lotus,Elise
Lotus,Europa S
Lotus,Evora
Lotus,Exige
Marussia,B1
Marussia,B2
Maserati,3200 GT
Maserati,Ghibli
Maserati,Gran Cabrio
Maserati,Gran Turismo 
Maserati,Gran Turismo S
Maserati,Grecale
Maserati,Levante
Maserati,MC20
Maserati,Quattroporte
Maserati,Quattroporte S
Maybach,57
Maybach,57 S
Maybach,62
Maybach,62 S
Maybach,Landaulet
Mazda,2
Mazda,3
Mazda,323
Mazda,5
Mazda,6
Mazda,626
Mazda,B-Series
Mazda,BT-50
Mazda,CX-3
Mazda,CX-30
Mazda,CX-30 EV
Mazda,CX-4
Mazda,CX-5
Mazda,CX-60
Mazda,CX-7
Mazda,CX-8
Mazda,CX-9
Mazda,MPV
Mazda,MX-30
Mazda,MX-5
Mazda,Premacy
Mazda,RX-7
Mazda,RX-8
Mazda,Tribute
McLaren,540C
McLaren,570S
McLaren,600LT
McLaren,650S
McLaren,675LT
McLaren,720S
McLaren,720S Spider
McLaren,765LT
McLaren,Artura
McLaren,MP4-12C
McLaren,P1
Mercedes,A-class
Mercedes,AMG GT
Mercedes,AMG GT 4-Door
Mercedes,B-class
Mercedes,C-class
Mercedes,C-class Sport Coupe
Mercedes,Citan
Mercedes,CL-class
Mercedes,CLA-class
Mercedes,CLC-class 
Mercedes,CLK-class
Mercedes,CLS-class
Mercedes,E-class
Mercedes,E-class Coupe
Mercedes,EQA
Mercedes,EQB
Mercedes,EQC
Mercedes,EQE
Mercedes,EQE AMG
Mercedes,EQS
Mercedes,EQS AMG
Mercedes,EQV
Mercedes,G-class
Mercedes,GL-class
Mercedes,GLA-class
Mercedes,GLA-class AMG
Mercedes,GLB-class
Mercedes,GLC-class
Mercedes,GLC-class AMG
Mercedes,GLC-class Coupe
Mercedes,GLE-class
Mercedes,GLE-class AMG
Mercedes,GLE-class Coupe
Mercedes,GLK-class
Mercedes,GLS-class
Mercedes,GLS-class AMG
Mercedes,M-class
Mercedes,R-class
Mercedes,S-class
Mercedes,S-class Cabrio
Mercedes,S-class Coupe
Mercedes,SL-class
Mercedes,SL-Class AMG
Mercedes,SLC-class
Mercedes,SLK-class
Mercedes,SLR-class
Mercedes,SLS AMG
Mercedes,Sprinter
Mercedes,Vaneo
Mercedes,Viano
Mercedes,Vito
Mercedes,X-class
Mercury,Grand Marquis
Mercury,Mariner
Mercury,Milan
Mercury,Montego
Mercury,Monterey
Mercury,Mountaineer
Mercury,Sable
MG,Hector
MG,TF
MG,XPower SV
MG,ZR
MG,ZS
MG,ZS EV
MG,ZT
MG,ZT-T
Mini,Clubman
Mini,Clubman S
Mini,Clubvan
Mini,Cooper
Mini,Cooper Cabrio
Mini,Cooper S
Mini,Cooper S Cabrio
Mini,Cooper S Countryman All4
Mini,Countryman
Mini,One
Mitsubishi,3000 GT
Mitsubishi,ASX
Mitsubishi,Carisma
Mitsubishi,Colt
Mitsubishi,Dignity
Mitsubishi,Eclipse
Mitsubishi,Eclipse Cross
Mitsubishi,Endeavor
Mitsubishi,Galant
Mitsubishi,Grandis
Mitsubishi,i-MiEV
Mitsubishi,L200
Mitsubishi,Lancer
Mitsubishi,Lancer Evo
Mitsubishi,Mirage
Mitsubishi,Outlander
Mitsubishi,Outlander Sport
Mitsubishi,Outlander XL
Mitsubishi,Pajero
Mitsubishi,Pajero Pinin
Mitsubishi,Pajero Sport
Mitsubishi,Raider
Mitsubishi,Space Gear
Mitsubishi,Space Runner
Mitsubishi,Space Star
Mitsubishi,Xpander
Nissan,350Z
Nissan,370Z
Nissan,Almera
Nissan,Almera Classic
Nissan,Almera Tino
Nissan,Altima
Nissan,Ariya
Nissan,Armada
Nissan,Bluebird Sylphy
Nissan,Frontier
Nissan,GT-R
Nissan,Juke
Nissan,Leaf
Nissan,Maxima
Nissan,Micra
Nissan,Murano
Nissan,Navara
Nissan,Note
Nissan,NP300
Nissan,Pathfinder
Nissan,Patrol
Nissan,Primera
Nissan,Qashqai
Nissan,Qashqai+2
Nissan,Quest
Nissan,Rogue
Nissan,Sentra
Nissan,Skyline
Nissan,Sylphy
Nissan,Teana
Nissan,Terrano
Nissan,Tiida
Nissan,Titan
Nissan,Titan XD
Nissan,X-Trail
Nissan,XTerra
Nissan,Z
Opel,Adam
Opel,Agila
Opel,Ampera-e
Opel,Antara
Opel,Astra
Opel,Astra GTC
Opel,Astra OPC
Opel,Cascada
Opel,Combo
Opel,Corsa
Opel,Corsa OPC
Opel,Crossland
Opel,Crossland X
Opel,Frontera
Opel,Grandland
Opel,Grandland X
Opel,Insignia
Opel,Insignia OPC
Opel,Karl
Opel,Meriva
Opel,Mokka
Opel,Omega
Opel,Signum
Opel,Speedster
Opel,Tigra
Opel,Vectra
Opel,Vivaro
Opel,Zafira
Opel,Zafira Life
Opel,Zafira Tourer
Peugeot,1007
Peugeot,107
Peugeot,108
Peugeot,2008
Peugeot,206
Peugeot,207
Peugeot,208
Peugeot,3008
Peugeot,301
Peugeot,307
Peugeot,308
Peugeot,4007
Peugeot,4008
Peugeot,406
Peugeot,407
Peugeot,408
Peugeot,5008
Peugeot,508
Peugeot,607
Peugeot,807
Peugeot,Boxer
Peugeot,Expert
Peugeot,Landtrek
Peugeot,Manager
Peugeot,Partner
Peugeot,RCZ Sport
Peugeot,Rifter
Peugeot,Traveller
Plymouth,Road Runner
Pontiac,Aztec
Pontiac,Bonneville
Pontiac,Firebird
Pontiac,G5 Pursuit
Pontiac,G6
Pontiac,G8
Pontiac,Grand AM
Pontiac,Grand Prix
Pontiac,GTO
Pontiac,Montana
Pontiac,Solstice
Pontiac,Sunfire
Pontiac,Torrent
Pontiac,Vibe
Porsche,718 Boxster
Porsche,718 Cayman
Porsche,911
Porsche,Boxster
Porsche,Cayenne
Porsche,Cayman
Porsche,Macan
Porsche,Panamera
Porsche,Taycan
Ravon,Gentra
Renault,Alaskan
Renault,Arkana
Renault,Avantime
Renault,Captur
Renault,Clio
Renault,Duster
Renault,Duster Oroch
Renault,Espace
Renault,Fluence
Renault,Grand Scenic
Renault,Kadjar
Renault,Kangoo
Renault,Kaptur
Renault,Kiger
Renault,Koleos
Renault,Laguna
Renault,Latitude
Renault,Logan
Renault,Logan Stepway
Renault,Master
Renault,Megane
Renault,Modus
Renault,Sandero
Renault,Sandero Stepway
Renault,Scenic
Renault,Symbol
Renault,Taliant
Renault,Talisman
Renault,Trafic
Renault,Triber
Renault,Twingo
Renault,Twizy
Renault,Vel Satis
Renault,Wind
Renault,Zoe
Rolls-Royce,Cullinan
Rolls-Royce,Dawn
Rolls-Royce,Ghost
Rolls-Royce,Phantom
Rolls-Royce,Wraith
Rover,25
Rover,400
Rover,45
Rover,600
Rover,75
Rover,Streetwise
Saab,9-2x
Saab,9-3
Saab,9-4x
Saab,9-5
Saab,9-7x
Saturn,Aura
Saturn,Ion
Saturn,LW
Saturn,Outlook
Saturn,Sky
Saturn,Vue
Scion,FR-S
Scion,tC
Scion,xA
Scion,xB
Scion,xD
Seat,Alhambra
Seat,Altea
Seat,Altea Freetrack
Seat,Altea XL
Seat,Arona
Seat,Arosa
Seat,Ateca
Seat,Cordoba
Seat,Exeo
Seat,Ibiza
Seat,Leon
Seat,Mii
Seat,Tarraco
Seat,Toledo
Skoda,Citigo
Skoda,Enyaq iV
Skoda,Fabia
Skoda,Felicia
Skoda,Kamiq
Skoda,Karoq
Skoda,Kodiaq
Skoda,Octavia
Skoda,Octavia Scout
Skoda,Octavia Tour
Skoda,Praktik
Skoda,Rapid
Skoda,Rapid Spaceback (NH1)
Skoda,Roomster
Skoda,Scala
Skoda,Superb
Skoda,Yeti
Smart,Forfour
Smart,Fortwo
Smart,Roadster
Ssang Yong,Actyon
Ssang Yong,Actyon Sports
Ssang Yong,Chairman
Ssang Yong,Korando
Ssang Yong,Kyron
Ssang Yong,Musso
Ssang Yong,Musso Grand
Ssang Yong,Musso Sport
Ssang Yong,Rexton
Ssang Yong,Rexton Sports
Ssang Yong,Rodius
Ssang Yong,Stavic
Ssang Yong,Tivoli
Ssang Yong,Tivoli Grand
Ssang Yong,XLV
Subaru,Ascent
Subaru,Baja
Subaru,BRZ
Subaru,Crosstrack
Subaru,Exiga
Subaru,Forester
Subaru,Impreza
Subaru,Justy
Subaru,Legacy
Subaru,Levorg
Subaru,Outback
Subaru,Traviq
Subaru,Tribeca
Subaru,WRX
Subaru,XV
Suzuki,Alto
Suzuki,Baleno
Suzuki,Celerio
Suzuki,Ciaz
Suzuki,Ertiga
Suzuki,Grand Vitara
Suzuki,Grand Vitara XL7
Suzuki,Ignis
Suzuki,Jimny
Suzuki,Kizashi
Suzuki,Liana
Suzuki,S-Presso
Suzuki,Splash
Suzuki,Swift
Suzuki,SX4
Suzuki,Vitara
Suzuki,Wagon R
Suzuki,Wagon R+
Suzuki,XL6
Suzuki,XL7
Tesla,Model 3
Tesla,Model S
Tesla,Model X
Tesla,Model Y
Toyota,4Runner
Toyota,Alphard
Toyota,Auris
Toyota,Avalon
Toyota,Avensis
Toyota,Avensis Verso
Toyota,Aygo
Toyota,Aygo X
Toyota,C+pod
Toyota,C-HR
Toyota,Caldina
Toyota,Camry
Toyota,Celica
Toyota,Corolla
Toyota,Corolla Cross
Toyota,Corolla Verso
Toyota,FJ Cruiser
Toyota,Fortuner
Toyota,GT 86
Toyota,Hiace
Toyota,Highlander
Toyota,Hilux
Toyota,iQ
Toyota,ist
Toyota,Land Cruiser
Toyota,Land Cruiser Prado
Toyota,Mark II
Toyota,Mirai
Toyota,MR2
Toyota,Picnic
Toyota,Previa
Toyota,Prius
Toyota,Prius Prime
Toyota,RAV4
Toyota,Sequoia
Toyota,Sienna
Toyota,Supra
Toyota,Tacoma
Toyota,Tundra
Toyota,Venza
Toyota,Verso
Toyota,Vitz
Toyota,Yaris
Toyota,Yaris Verso
UAZ,Pickup
UAZ,Патриот
UAZ,Хантер
VAZ,2101-2107
VAZ,2108, 21099,1984
VAZ,2110, 2112,1996
VAZ,2113, 2115,1997
VAZ,4x4 Urban
VAZ,Granta
VAZ,Granta Cross
VAZ,Largus
VAZ,Largus Cross
VAZ,Niva Legend
VAZ,Niva Travel
VAZ,Vesta Cross
VAZ,Vesta Sport
VAZ,Vesta SW
VAZ,XRay
VAZ,XRay Cross
VAZ,Веста
VAZ,Калина
VAZ,Нива 4X4
VAZ,Ока
VAZ,Приора
Volkswagen,Amarok
Volkswagen,Arteon
Volkswagen,Beetle
Volkswagen,Bora
Volkswagen,Caddy
Volkswagen,CC
Volkswagen,Crafter
Volkswagen,CrossGolf
Volkswagen,CrossPolo
Volkswagen,CrossTouran
Volkswagen,Eos
Volkswagen,Fox
Volkswagen,Golf
Volkswagen,ID.3
Volkswagen,ID.4
Volkswagen,ID.4 X
Volkswagen,Jetta
Volkswagen,Lupo
Volkswagen,Multivan
Volkswagen,New Beetle
Volkswagen,Passat
Volkswagen,Passat CC
Volkswagen,Phaeton
Volkswagen,Pointer
Volkswagen,Polo
Volkswagen,Routan
Volkswagen,Scirocco
Volkswagen,Sharan
Volkswagen,T-Roc
Volkswagen,Taos
Volkswagen,Teramont
Volkswagen,Teramont X
Volkswagen,Tiguan
Volkswagen,Tiguan X
Volkswagen,Touareg
Volkswagen,Touran
Volkswagen,Transporter
Volkswagen,Up
Volvo,C30
Volvo,C40
Volvo,C70
Volvo,C70 Convertible
Volvo,C70 Coupe
Volvo,S40
Volvo,S60
Volvo,S70
Volvo,S80
Volvo,S90
Volvo,V40
Volvo,V50
Volvo,V60
Volvo,V70
Volvo,V90
Volvo,XC40
Volvo,XC60
Volvo,XC70
Volvo,XC90
